fecha,hora,dia_semana,es_hora_pico,distancia_km,tiempo_viaje_minutos
2026-08-03,07:30,lunes,True,10.192,14.25
2026-08-03,13:00,lunes,False,10.192,14.25
2026-08-03,17:30,lunes,True,10.192,14.25
2026-08-04,07:30,martes,True,10.192,14.25
2026-08-04,13:00,martes,False,10.192,14.25
2026-08-04,17:30,martes,True,10.192,14.25
2026-08-05,07:30,miércoles,True,10.192,14.25
2026-08-05,13:00,miércoles,False,10.192,14.25
2026-08-05,17:30,miércoles,True,10.192,14.25
2026-08-06,07:30,jueves,True,10.192,14.25
2026-08-06,13:00,jueves,False,10.192,14.25
2026-08-06,17:30,jueves,True,10.192,14.25
2026-08-07,07:30,viernes,True,10.192,14.25
2026-08-07,13:00,viernes,False,10.192,14.25
2026-08-07,17:30,viernes,True,10.192,14.25
2026-08-10,07:30,lunes,True,10.192,14.25
2026-08-10,13:00,lunes,False,10.192,14.25
2026-08-10,17:30,lunes,True,10.192,14.25
2026-08-11,07:30,martes,True,10.192,14.25
2026-08-11,13:00,martes,False,10.192,14.25
2026-08-11,17:30,martes,True,10.192,14.25
2026-08-12,07:30,miércoles,True,10.192,14.25
2026-08-12,13:00,miércoles,False,10.192,14.25
2026-08-12,17:30,miércoles,True,10.192,14.25
2026-08-13,07:30,jueves,True,10.192,14.25
2026-08-13,13:00,jueves,False,10.192,14.25
2026-08-13,17:30,jueves,True,10.192,14.25
2026-08-14,07:30,viernes,True,10.192,14.25
2026-08-14,13:00,viernes,False,10.192,14.25
2026-08-14,17:30,viernes,True,10.192,14.25
2026-08-17,07:30,lunes,True,10.192,14.25
2026-08-17,13:00,lunes,False,10.192,14.25
2026-08-17,17:30,lunes,True,10.192,14.25
2026-08-18,07:30,martes,True,10.192,14.25
2026-08-18,13:00,martes,False,10.192,14.25
2026-08-18,17:30,martes,True,10.192,14.25
2026-08-19,07:30,miércoles,True,10.192,14.25
2026-08-19,13:00,miércoles,False,10.192,14.25
2026-08-19,17:30,miércoles,True,10.192,14.25
2026-08-20,07:30,jueves,True,10.192,14.25
2026-08-20,13:00,jueves,False,10.192,14.25
2026-08-20,17:30,jueves,True,10.192,14.25
2026-08-21,07:30,viernes,True,10.192,14.25
2026-08-21,13:00,viernes,False,10.192,14.25
2026-08-21,17:30,viernes,True,10.192,14.25
2026-08-24,07:30,lunes,True,10.192,14.25
2026-08-24,13:00,lunes,False,10.192,14.25
2026-08-24,17:30,lunes,True,10.192,14.25
2026-08-25,07:30,martes,True,10.192,14.25
2026-08-25,13:00,martes,False,10.192,14.25
2026-08-25,17:30,martes,True,10.192,14.25
2026-08-26,07:30,miércoles,True,10.192,14.25
2026-08-26,13:00,miércoles,False,10.192,14.25
2026-08-26,17:30,miércoles,True,10.192,14.25
2026-08-27,07:30,jueves,True,10.192,14.25
2026-08-27,13:00,jueves,False,10.192,14.25
2026-08-27,17:30,jueves,True,10.192,14.25
2026-08-28,07:30,viernes,True,10.192,14.25
2026-08-28,13:00,viernes,False,10.192,14.25
2026-08-28,17:30,viernes,True,10.192,14.25
2026-08-31,07:30,lunes,True,10.192,14.25
2026-08-31,13:00,lunes,False,10.192,14.25
2026-08-31,17:30,lunes,True,10.192,14.25
2026-09-01,07:30,martes,True,10.192,14.25
2026-09-01,13:00,martes,False,10.192,14.25
2026-09-01,17:30,martes,True,10.192,14.25
2026-09-02,07:30,miércoles,True,10.192,14.25
2026-09-02,13:00,miércoles,False,10.192,14.25
2026-09-02,17:30,miércoles,True,10.192,14.25
2026-09-03,07:30,jueves,True,10.192,14.25
2026-09-03,13:00,jueves,False,10.192,14.25
2026-09-03,17:30,jueves,True,10.192,14.25
2026-09-04,07:30,viernes,True,10.192,14.25
2026-09-04,13:00,viernes,False,10.192,14.25
2026-09-04,17:30,viernes,True,10.192,14.25
2026-09-07,07:30,lunes,True,10.192,14.25
2026-09-07,13:00,lunes,False,10.192,14.25
2026-09-07,17:30,lunes,True,10.192,14.25
2026-09-08,07:30,martes,True,10.192,14.25
2026-09-08,13:00,martes,False,10.192,14.25
2026-09-08,17:30,martes,True,10.192,14.25
2026-09-09,07:30,miércoles,True,10.192,14.25
2026-09-09,13:00,miércoles,False,10.192,14.25
2026-09-09,17:30,miércoles,True,10.192,14.25
2026-09-10,07:30,jueves,True,10.192,14.25
2026-09-10,13:00,jueves,False,10.192,14.25
2026-09-10,17:30,jueves,True,10.192,14.25
2026-09-11,07:30,viernes,True,10.192,14.25
2026-09-11,13:00,viernes,False,10.192,14.25
2026-09-11,17:30,viernes,True,10.192,14.25
2026-09-14,07:30,lunes,True,10.192,14.25
2026-09-14,13:00,lunes,False,10.192,14.25
2026-09-14,17:30,lunes,True,10.192,14.25
2026-09-15,07:30,martes,True,10.192,14.25
2026-09-15,13:00,martes,False,10.192,14.25
2026-09-15,17:30,martes,True,10.192,14.25
2026-09-16,07:30,miércoles,True,10.192,14.25
2026-09-16,13:00,miércoles,False,10.192,14.25
2026-09-16,17:30,miércoles,True,10.192,14.25
2026-09-17,07:30,jueves,True,10.192,14.25
2026-09-17,13:00,jueves,False,10.192,14.25
2026-09-17,17:30,jueves,True,10.192,14.25
2026-09-18,07:30,viernes,True,10.192,14.25
2026-09-18,13:00,viernes,False,10.192,14.25
2026-09-18,17:30,viernes,True,10.192,14.25
2026-09-21,07:30,lunes,True,10.192,14.25
2026-09-21,13:00,lunes,False,10.192,14.25
2026-09-21,17:30,lunes,True,10.192,14.25
2026-09-22,07:30,martes,True,10.192,14.25
2026-09-22,13:00,martes,False,10.192,14.25
2026-09-22,17:30,martes,True,10.192,14.25
2026-09-23,07:30,miércoles,True,10.192,14.25
2026-09-23,13:00,miércoles,False,10.192,14.25
2026-09-23,17:30,miércoles,True,10.192,14.25
2026-09-24,07:30,jueves,True,10.192,14.25
2026-09-24,13:00,jueves,False,10.192,14.25
2026-09-24,17:30,jueves,True,10.192,14.25
2026-09-25,07:30,viernes,True,10.192,14.25
2026-09-25,13:00,viernes,False,10.192,14.25
2026-09-25,17:30,viernes,True,10.192,14.25
2026-09-28,07:30,lunes,True,10.192,14.25
2026-09-28,13:00,lunes,False,10.192,14.25
2026-09-28,17:30,lunes,True,10.192,14.25
2026-09-29,07:30,martes,True,10.192,14.25
2026-09-29,13:00,martes,False,10.192,14.25
2026-09-29,17:30,martes,True,10.192,14.25
2026-09-30,07:30,miércoles,True,10.192,14.25
2026-09-30,13:00,miércoles,False,10.192,14.25
2026-09-30,17:30,miércoles,True,10.192,14.25
